epoch,step,min,max,mean,std
1,10000,-0.07936783879995346,0.05112043023109436,-6.305378974502673e-06,0.001998544204980135
2,20000,-0.1485486924648285,0.24815107882022858,-7.5933526204607915e-06,0.005520400125533342
3,30000,-0.30577731132507324,0.29813867807388306,-1.3167481483833399e-05,0.00819387286901474
4,40000,-0.6465833783149719,0.454439252614975,5.170524673303589e-05,0.015023671090602875
5,50000,-0.8145372867584229,0.44834762811660767,-2.9779710530419834e-05,0.017281915992498398
