epoch,step,min,max,mean,std
1,10000,-0.027730949223041534,0.06392507255077362,0.005176154896616936,0.022545376792550087
2,20000,-0.07074731588363647,0.03361290693283081,-0.0018108392832800746,0.02640574797987938
3,30000,-0.07254745811223984,0.044826630502939224,-0.0027235359884798527,0.03166613727807999
4,40000,-0.05702953785657883,0.09388108551502228,-0.0013824730413034558,0.037580180913209915
5,50000,-0.04111442342400551,0.08723337948322296,0.0012991639086976647,0.03014438971877098
