epoch,step,min,max,mean,std
1,10000,-0.019892187789082527,0.032289277762174606,0.0012178266188129783,0.005560681689530611
2,20000,-0.0403815358877182,0.020067989826202393,-0.00037606072146445513,0.007070476654917002
3,30000,-0.04889321327209473,0.028327573090791702,-0.0008517634123563766,0.008892538957297802
4,40000,-0.04714435338973999,0.06654320657253265,-0.00034097296884283423,0.01225947868078947
5,50000,-0.0331275649368763,0.06499484926462173,0.000447207159595564,0.011791817843914032
