epoch,step,min,max,mean,std
1,10000,-0.014708476141095161,0.013694790191948414,-0.0004415571747813374,0.0049822526052594185
2,20000,-0.033678121864795685,0.033906638622283936,-0.0023543541319668293,0.015066120773553848
3,30000,-0.04480638727545738,0.06258420646190643,0.0005270414985716343,0.015930021181702614
4,40000,-0.05995003506541252,0.0852171927690506,0.0077398610301315784,0.02713675983250141
5,50000,-0.06255050748586655,0.10842375457286835,0.010748767293989658,0.03427307307720184
