epoch,step,min,max,mean,std
1,10000,-0.08513808250427246,0.07162119448184967,-0.0010364861227571964,0.018415596336126328
2,20000,-0.353430837392807,0.5070667266845703,-0.007567885331809521,0.09269121289253235
3,30000,-0.28218215703964233,0.4485188126564026,0.0009299403754994273,0.09238361567258835
4,40000,-0.6513111591339111,0.6652681827545166,0.013981797732412815,0.22071167826652527
5,50000,-1.3978922367095947,1.2386538982391357,0.022484764456748962,0.38278889656066895
