epoch,step,min,max,mean,std
1,10000,-0.022552490234375,0.02834634855389595,0.0021197698079049587,0.012096039019525051
2,20000,-0.017557449638843536,0.015688588842749596,0.0011534859659150243,0.005923498421907425
