epoch,step,min,max,mean,std
1,10000,-0.004249681252986193,0.014607252553105354,9.971894905902445e-05,0.0013022007187828422
2,20000,-0.003580130636692047,0.0025753765366971493,5.609612708212808e-05,0.0005251018446870148
