epoch,step,min,max,mean,std
1,10000,-0.02560616098344326,0.03775584325194359,2.6477086976228748e-06,0.0007297148695215583
2,20000,-0.009058183990418911,0.015329471789300442,1.6034723770985693e-08,0.0003285624843556434
