epoch,step,min,max,mean,std
1,10000,-0.20015309751033783,0.06302261352539062,-0.005100277718156576,0.024478932842612267
2,20000,-0.056474894285202026,0.023776616901159286,-0.0021930646616965532,0.008461765013635159
