epoch,step,min,max,mean,std
1,10000,-0.006500582210719585,0.02002425119280815,0.0003598725888878107,0.0035007374826818705
2,20000,-0.004555669147521257,0.00482174102216959,0.00020230311201885343,0.0014841342344880104
