epoch,step,min,max,mean,std
1,10000,-0.04697006568312645,0.012618377804756165,-0.004438492003828287,0.014207632280886173
2,20000,-0.016770852729678154,0.004610409494489431,-0.001889800769276917,0.00525844469666481
