epoch,step,min,max,mean,std
1,10000,-0.017989756539463997,0.012708142399787903,-0.0001440162886865437,0.0032019272912293673
2,20000,-0.01216522604227066,0.009216138161718845,0.00017029116861522198,0.0027771182358264923
3,30000,-0.007714038714766502,0.008635766804218292,0.00031295305234380066,0.0021541023161262274
4,40000,-0.01375480554997921,0.01628776825964451,-1.5419263945659623e-05,0.0035047971177846193
5,50000,-0.013642686419188976,0.01346425712108612,0.000333936681272462,0.0038276412524282932
6,60000,-0.010981643572449684,0.008014041930437088,5.775757927040104e-06,0.002462150529026985
7,70000,-0.02463066577911377,0.018336746841669083,0.00019360716396477073,0.0045087337493896484
8,80000,-0.016537819057703018,0.0165408868342638,0.0005324992816895247,0.0034864519257098436
