epoch,step,min,max,mean,std
1,10000,-0.002032692078500986,0.002115907846018672,1.7371208741678856e-05,0.00032029717112891376
2,20000,-0.0018456970574334264,0.001594660570845008,-5.697945016436279e-05,0.00032516560168005526
3,30000,-0.002578550484031439,0.00242937495931983,-1.628150130272843e-05,0.00035271671367809176
4,40000,-0.0038495208136737347,0.004475459456443787,8.697730663698167e-06,0.0005684111383743584
5,50000,-0.010253272019326687,0.011664163321256638,-3.865207327180542e-05,0.0007940244977362454
6,60000,-0.005719874985516071,0.007332032546401024,-7.86099408287555e-05,0.0008169433567672968
7,70000,-0.015812676399946213,0.014395693317055702,-0.00019097405311185867,0.0014001595554873347
8,80000,-0.011007369495928288,0.008558514527976513,4.365876520751044e-06,0.0011100501287728548
