epoch,step,min,max,mean,std
1,10000,-0.00918803084641695,0.010011699050664902,0.0003658478381112218,0.0037991271819919348
2,20000,-0.01245402917265892,0.009972663596272469,-0.0009893215028569102,0.004200602415949106
3,30000,-0.014424599707126617,0.01418689452111721,-0.000251132994890213,0.00453253835439682
4,40000,-0.020829729735851288,0.019844315946102142,9.093430708162487e-05,0.00763436034321785
5,50000,-0.039879586547613144,0.045706506818532944,-0.000589571485761553,0.012568346224725246
6,60000,-0.02162996679544449,0.025919783860445023,-0.001462411368265748,0.009418491274118423
7,70000,-0.054242853075265884,0.048120878636837006,-0.004342169966548681,0.020191814750432968
8,80000,-0.0390775203704834,0.029496464878320694,-0.0003585940576158464,0.012757335789501667
