epoch,step,min,max,mean,std
1,10000,-0.00788535550236702,0.007319404743611813,0.00016714379307813942,0.002735261572524905
2,20000,-0.006552034988999367,0.009966250509023666,-0.0003175448509864509,0.0036633536219596863
