epoch,step,min,max,mean,std
1,10000,-0.0011413799365982413,0.0012938921572640538,1.9766439436352812e-05,0.00018239037308376282
2,20000,-0.0008494642097502947,0.0010812650434672832,-1.2339950444584247e-05,0.0001639099355088547
