epoch,step,min,max,mean,std
1,10000,-0.002208308782428503,0.0020858990028500557,0.00010361847671447322,0.000720221025403589
2,20000,-0.0019454432185739279,0.0025143660604953766,-6.813871732447296e-05,0.0007441007765009999
