epoch,step,min,max,mean,std
1,10000,-0.045578841120004654,0.025031551718711853,4.244789306540042e-05,0.005407397169619799
2,20000,-0.025151923298835754,0.018821002915501595,-0.00031285450677387416,0.003532534698024392
