epoch,step,min,max,mean,std
1,10000,-0.005017360672354698,0.011388886719942093,-1.2262245263627847e-06,0.00017273293633479625
2,20000,-0.006459312047809362,0.004233967512845993,-1.86245688382769e-06,0.00016118140774779022
