epoch,step,min,max,mean,std
1,10000,-0.014223890379071236,0.00819297693669796,-0.00015548222290817648,0.004679667763411999
2,20000,-0.009639647789299488,0.006178973242640495,-0.00035754850250668824,0.0031726446468383074
