epoch,step,min,max,mean,std
1,10000,-0.06093660742044449,0.025833746418356895,0.0007272067596204579,0.008869684301316738
2,20000,-0.025282904505729675,0.021366426721215248,0.0005233004339970648,0.004633215256035328
3,30000,-0.024359337985515594,0.024851776659488678,0.00023982558923307806,0.005789503920823336
4,40000,-0.026209041476249695,0.02764853835105896,0.0005329446867108345,0.0060525196604430676
5,50000,-0.03030306100845337,0.01626937836408615,-0.0004160036623943597,0.004660333972424269
6,60000,-0.03508982062339783,0.016305990517139435,0.00020484969718381763,0.004881602246314287
7,70000,-0.03555527701973915,0.019109250977635384,0.00018901191651821136,0.0048879776149988174
8,80000,-0.037140488624572754,0.02343112602829933,-1.7533078789711e-05,0.005476986523717642
