epoch,step,min,max,mean,std
1,10000,-0.014410343952476978,0.016701174899935722,-0.00046651976299472153,0.0047345818020403385
2,20000,-0.011337902396917343,0.011925682425498962,-0.00017704744823276997,0.004050727933645248
3,30000,-0.020969456061720848,0.03698425740003586,0.0021086828783154488,0.00856263842433691
4,40000,-0.03477640450000763,0.043740689754486084,0.0028189485892653465,0.014284760691225529
5,50000,-0.032625213265419006,0.03755822777748108,0.002810864942148328,0.010936308652162552
6,60000,-0.03650609031319618,0.03715566173195839,0.0002993652888108045,0.01282502617686987
7,70000,-0.04003479331731796,0.04094764590263367,-0.004298563580960035,0.014449521899223328
8,80000,-0.025935301557183266,0.02746768668293953,6.234768079593778e-06,0.010098827071487904
