epoch,step,min,max,mean,std
1,10000,-0.003324297023937106,0.003751356853172183,-3.673286846606061e-05,0.0004820682224817574
2,20000,-0.002436524024233222,0.002561681903898716,-1.4117233149590902e-05,0.0003795336524490267
3,30000,-0.004221647046506405,0.0076118092983961105,0.00011440942762419581,0.0006372605566866696
4,40000,-0.005560438148677349,0.007269524037837982,0.0001372698025079444,0.0008861516835168004
5,50000,-0.004947556182742119,0.006672177463769913,0.00014251729589886963,0.0007882853969931602
6,60000,-0.00690774992108345,0.008060077205300331,2.2170021111378446e-05,0.0009543719352222979
7,70000,-0.009780633263289928,0.008777884766459465,-0.0002274620783282444,0.0011005403939634562
8,80000,-0.0058424705639481544,0.005755716003477573,-8.899782187654637e-06,0.0009729175944812596
