epoch,step,min,max,mean,std
1,10000,-0.012726668268442154,0.017306923866271973,-0.0006631675641983747,0.004512639716267586
2,20000,-0.021579835563898087,0.04318266361951828,3.0832612537778914e-05,0.006949523463845253
3,30000,-0.09317182004451752,0.10904751718044281,0.004927464760839939,0.02273660898208618
4,40000,-0.23936235904693604,0.1985475867986679,0.008422184735536575,0.05282100290060043
5,50000,-0.13410046696662903,0.14414721727371216,0.010584194213151932,0.04511028155684471
6,60000,-0.27875322103500366,0.1921522617340088,0.002842336194589734,0.06071510538458824
7,70000,-0.36384087800979614,0.31014662981033325,-0.011665049940347672,0.0790402814745903
8,80000,-0.23134461045265198,0.222608745098114,0.0013275599339976907,0.06805649399757385
