epoch,step,min,max,mean,std
1,10000,-0.10086452960968018,0.04462706670165062,0.004838784225285053,0.03928005322813988
2,20000,-0.043127261102199554,0.04279249161481857,0.0040052104741334915,0.02359233982861042
3,30000,-0.05772380158305168,0.05181437358260155,0.00019168552535120398,0.03324488177895546
4,40000,-0.06504020094871521,0.06954421103000641,0.003465507412329316,0.03764047846198082
5,50000,-0.07175668329000473,0.038289640098810196,-0.00370830949395895,0.027976637706160545
6,60000,-0.07505851984024048,0.03434867411851883,0.0010501777287572622,0.029198186472058296
7,70000,-0.07279802858829498,0.04275067150592804,0.0017477585934102535,0.027736995369195938
8,80000,-0.0733904093503952,0.05562930181622505,0.00013608428707811981,0.030669592320919037
