epoch,step,min,max,mean,std
1,10000,-0.017407910898327827,0.021920206025242805,0.00039885641308501363,0.003561095567420125
2,20000,-0.051247306168079376,0.05320408195257187,2.0928680896759033e-05,0.007820572704076767
3,30000,-0.05862044543027878,0.03776997700333595,-0.0008549698977731168,0.007152279373258352
4,40000,-0.03407789021730423,0.04060337692499161,0.0005498897517099977,0.004925385117530823
5,50000,-0.06382588297128677,0.028863703832030296,0.0005251425900496542,0.006819088477641344
