epoch,step,min,max,mean,std
1,10000,-0.0021111120004206896,0.0023223822936415672,-1.5175317457760684e-05,0.00030374142806977034
2,20000,-0.007590476423501968,0.006896779872477055,2.6558624085737392e-05,0.0007214403012767434
3,30000,-0.007890820503234863,0.008062759414315224,-4.249983248882927e-05,0.0008973252843134105
4,40000,-0.00865480862557888,0.008641598746180534,-2.5995346732088365e-05,0.000832602207083255
5,50000,-0.011099455878138542,0.008577411994338036,-0.0001320154988206923,0.001175937126390636
