epoch,step,min,max,mean,std
1,10000,-0.008855057880282402,0.009824652224779129,-0.00017012345779221505,0.003143750363960862
2,20000,-0.027018513530492783,0.02363455295562744,0.0003842282167170197,0.0082229133695364
3,30000,-0.023927725851535797,0.026031380519270897,-0.0005602798191830516,0.009328329935669899
4,40000,-0.020381201058626175,0.02524540200829506,-0.00020782901265192777,0.007161709945648909
5,50000,-0.03131260722875595,0.025558926165103912,-0.0016889895778149366,0.010785369202494621
