epoch,step,min,max,mean,std
1,10000,-0.010906198993325233,0.009379819966852665,-0.000163808319484815,0.0037361891008913517
2,20000,-0.05244852975010872,0.06184923276305199,0.00012873977539129555,0.016250981017947197
3,30000,-0.1493396759033203,0.07836402952671051,-0.0006356931990012527,0.027587397024035454
4,40000,-0.14217624068260193,0.10230042040348053,-0.0016707440372556448,0.03190098702907562
5,50000,-0.19009199738502502,0.21086788177490234,0.000438848277553916,0.05551781877875328
