epoch,step,min,max,mean,std
1,10000,-0.03278205171227455,0.042743124067783356,0.002903291489928961,0.02244093455374241
2,20000,-0.06639367341995239,0.0677851065993309,-3.8072179449955e-05,0.0401250422000885
3,30000,-0.06443259865045547,0.039651207625865936,-0.004782508127391338,0.031164878979325294
4,40000,-0.03257787227630615,0.036029260605573654,0.002808191115036607,0.01860652305185795
5,50000,-0.05951019376516342,0.024672161787748337,0.0024157175794243813,0.02512523904442787
