epoch,step,min,max,mean,std
1,10000,-0.05840781331062317,0.03195676952600479,-0.006007210351526737,0.022734524682164192
2,20000,-0.02559138461947441,0.03591739386320114,-0.00532812112942338,0.01620076410472393
3,30000,-0.0754862055182457,0.037796344608068466,-2.6965370125253685e-05,0.029222479090094566
4,40000,-0.02636849880218506,0.024132654070854187,-0.0020782137289643288,0.014535884372889996
5,50000,-0.07189919054508209,0.055662330240011215,-0.0005997440894134343,0.03299161046743393
