epoch,step,min,max,mean,std
1,10000,-0.015276499092578888,0.01621595025062561,-0.0004623298591468483,0.004325988702476025
2,20000,-0.05298546329140663,0.03721390664577484,-1.1931348126381636e-05,0.010490317828953266
3,30000,-0.06980793923139572,0.07853557169437408,0.0009531432879157364,0.0237172432243824
4,40000,-0.09257374703884125,0.14340108633041382,0.0013328345958143473,0.02897074446082115
5,50000,-0.2917889952659607,0.24089914560317993,-0.007194146513938904,0.07896028459072113
