epoch,step,min,max,mean,std
1,10000,-0.010798923671245575,0.01057836040854454,-0.0001444808440282941,0.0034151843283325434
2,20000,-0.011608990840613842,0.01133192889392376,0.0002631571260280907,0.003586085280403495
3,30000,-0.024388227611780167,0.023379815742373466,0.00010660671978257596,0.007777053397148848
4,40000,-0.014782531186938286,0.012723730877041817,0.00064994947751984,0.005349724553525448
5,50000,-0.04839939996600151,0.04955504089593887,-0.0026058247312903404,0.016979137435555458
