epoch,step,min,max,mean,std
1,10000,-0.0412701852619648,0.020901355892419815,-0.0008880471577867866,0.00518768047913909
2,20000,-0.022868376225233078,0.027835486456751823,-0.0008962274296209216,0.0036797448992729187
3,30000,-0.06589040160179138,0.03597443550825119,6.073073745938018e-05,0.00590750714763999
4,40000,-0.03001483529806137,0.024261705577373505,-0.00034964270889759064,0.003355121472850442
5,50000,-0.08805655688047409,0.061026401817798615,-9.681384835857898e-05,0.007433639839291573
