epoch,step,min,max,mean,std
1,10000,-0.011666767299175262,0.004385470412671566,-0.0006031283410266042,0.0034076664596796036
2,20000,-0.0003325933066662401,0.01404645387083292,0.0010154745541512966,0.0037631874438375235
