epoch,step,min,max,mean,std
1,10000,-0.006007183808833361,0.022234812378883362,1.1075584325226373e-06,0.0002200490125687793
2,20000,-0.002716704970225692,0.002035044599324465,1.8541954887041356e-06,0.00013336577103473246
