epoch,step,min,max,mean,std
1,10000,-0.007351765409111977,0.022702954709529877,-2.4939377908594906e-05,0.004010658245533705
2,20000,-0.011069034226238728,0.008915683254599571,-0.0007050895364955068,0.0038387214299291372
