epoch,step,min,max,mean,std
1,10000,-0.0022355690598487854,0.002130975015461445,-4.5560904254671186e-05,0.0007717519765719771
2,20000,-0.004111837595701218,0.0020167806651443243,-0.00010654269135557115,0.0009377402602694929
