epoch,step,min,max,mean,std
1,10000,-0.04691591113805771,0.01792805641889572,-0.0007694971282035112,0.006120389327406883
2,20000,-0.002322406740859151,0.05454898625612259,0.001265299622900784,0.006597717758268118
