epoch,step,min,max,mean,std
1,10000,-0.0015533184632658958,0.0015845592133700848,-1.698742198641412e-05,0.00029897643253207207
2,20000,-0.0027129848022013903,0.0013104379177093506,-3.4797092666849494e-05,0.0003377233224455267
