epoch,step,min,max,mean,std
1,10000,-0.04653544723987579,0.04315982758998871,-0.0020264172926545143,0.012036632746458054
2,20000,-0.19521218538284302,0.12258509546518326,-0.00015278789214789867,0.032953184098005295
3,30000,-0.521500825881958,0.2777552306652069,-0.011755702085793018,0.09923943132162094
4,40000,-0.35958245396614075,0.6762993335723877,-0.0019415018614381552,0.105924092233181
5,50000,-0.7055055499076843,0.4119502305984497,-0.012595717795193195,0.1594604253768921
6,60000,-1.2381329536437988,1.3313642740249634,-0.012922212481498718,0.43099313974380493
7,70000,-0.8127827644348145,0.8558738231658936,0.006554624997079372,0.23956944048404694
8,80000,-1.3684611320495605,1.259868860244751,-0.010999909602105618,0.33418574929237366
