epoch,step,min,max,mean,std
1,10000,-0.06983774155378342,0.04236302152276039,0.0035821220371872187,0.027744943276047707
2,20000,-0.05704217031598091,0.020450010895729065,-0.0012716831406578422,0.018577829003334045
3,30000,-0.02563711628317833,0.04743420332670212,0.006981724873185158,0.023026607930660248
4,40000,-0.006660711020231247,0.07198914140462875,0.007714065257459879,0.0196748748421669
5,50000,-0.04070732742547989,0.041001737117767334,0.0042341104708611965,0.022164272144436836
6,60000,-0.030281994491815567,0.07456806302070618,0.0049113002605736256,0.02947031892836094
7,70000,-0.10302303731441498,0.05262776464223862,-0.0031725047156214714,0.03667456656694412
8,80000,-0.06907600164413452,0.023781977593898773,-0.0015016060788184404,0.02196365036070347
