epoch,step,min,max,mean,std
1,10000,-0.0327327661216259,0.01938154548406601,0.0008057960076257586,0.00591448787599802
2,20000,-0.025536412373185158,0.012981535866856575,-0.00011911580077139661,0.004291103221476078
3,30000,-0.01645500585436821,0.019824840128421783,0.0014183645835146308,0.00541328638792038
4,40000,-0.014739841222763062,0.043805330991744995,0.001693761209025979,0.005592680536210537
5,50000,-0.03310398757457733,0.025625457987189293,0.0007048114784993231,0.006331755314022303
6,60000,-0.0463499017059803,0.06127778813242912,0.0014084576396271586,0.009150628931820393
7,70000,-0.10718793421983719,0.05780705064535141,-0.0006618539919145405,0.012726737186312675
8,80000,-0.054136794060468674,0.02522358112037182,-0.0005812991876155138,0.006812069099396467
